Motul;107975;MOTUL 5W40 1L 6100 SYNNERGY МАСЛО МОТОРНОЕ ACE;1;932;химия;17.07.2023;Москворечье
Red Line;11404;REDLINE OIL 11404 10W40 МОТОРНОЕ МАСЛО  12ШТ/0,95;1;2216;химия;24.07.2023;ИП Тунгусов Дмитрий Геннадьевич
Lada;1,11805E+13;БАЧОК ОМЫВАТЕЛЯ В СБОРЕ;1;427;;13.06.2023;АвтоРВ
Lada;1,11801E+13;БАЧОК РАСШИРИТЕЛЬНЫЙ;1;495.89;;14.06.2023;Воронеж-Авто-Сити
General Motors;94500718;БОЛТ М10;1;301.78;А1-08;26.07.2023;АвтоЕвро
Freccia;R4640RCR;Клапан выпускной Vag 31.2x8x95;4;388.58;А1-09;28.06.2023;"ООО ""ФОРЕСТ"""
Sangsin Brake;SP1249;КОЛОДКИ ДИСКОВЫЕ;1;1658.7;Б3-09;05.07.2023;Профит Лига
Totachi;12105;МАСЛО МОТОРНОЕ  ULTIMA ECODRIVE L SN|CF СИНТЕТИКА 5W30     АКЦИЯ 415Л;1;2660.15;химия;14.07.2023;ИП Тунгусов Дмитрий Геннадьевич
CTR;CE0575;НАКОНЕЧНИК РУЛЕВОЙ ТЯГИ ВНУТР.M16X1.5LHT L|R СТ;1;420.66;C1-08;12.07.2023;Аркона
Начало;21096101014;ПАНЕЛЬ ДВЕРИ ВАЗ-2109 ПЕРЕД. ПРАВАЯ;1;1158.14;Окно Ж|D|;13.03.2023;"ООО ""Паскер ЛТД"""
Hyundai / KIA;86611H0700;ПАНЕЛЬ ЗАД БАМПЕРА;1;7595.93;бампера;15.06.2023;БОРАВТО К
General Motors;55568540;ПРОКЛАДКА РЕЗИНОВАЯ;4;150.46;стенд 4;17.07.2023;АвтоЕвро
Zekkert;GF2245;ПРУЖИНА ГАЗОВАЯ КАПОТА TOYOTA CAMRY V50 11-;1;753.56;;03.05.2023;"ООО ""ФОРЕСТ"""
SEINSA;D4924;Ремкомплект тормозного суппорта;2;378;БВ1-11;14.06.2023;Москворечье
Porsche;95533259600;Сальник вала;1;3814;А1-06;30.06.2023;"ООО ""АврораАвтоспорт"""
Just Drive;JAS0410;СТОЙКА ГАЗОМАСЛЯНАЯ ПЕРЕДНЯЯ ЛЕВАЯ /333397/;1;2057;Амортизаторы;02.06.2023;"ООО ""ДонАвто"""
