Eurobump;OPL07CO064;OP292059F РЕШ ТКА ПЕРЕДНЕГО БАМПЕРА ЦЕНТР 11;1;1170;B3-21;10.08.2021;Черных С. А._ИП
Hyundai / KIA;551171G100;БОЛТ HYUNDAI | KIA;1;151.18;БВ2-02 Кор 2;23.08.2023;БОРАВТО К
Nissan;122084M50A;Вкладыш Комплект;1;1600;ИГ-14;02.11.2022;Якушов Александр Алексеевич_ИП
Nissan;484129U11A;ЗАГЛУШКА РУЧКИ ПОВОР. |;1;328.74;;05.05.2023;Воронеж-Авто-Сити
Авто Деталь Сервис;2,17E+13;МОЛДИНГ КАПОТА ВАЗ 2170;1;771.86;А2-17;15.05.2023;АвтоЕвро
Hyundai / KIA;868122W000;ПОДКРЫЛОК ПЕРЕД ПРАВЫЙ САНТА-ФЕ 2012;1;1614.06;МАГ/ВЕРХ;09.01.2023;Автоспутник (новый)
P.M.C.;PXMSA056C;ПОРШЕНЬ HYUNDAI ACCENT/VERNA/GETZ 0.50;4;1244;ИГ-03;02.11.2022;ФА Логистик
General Motors;9157000;ПРОКЛАДКА ТЕРМОСТАТА МЕТАЛЛИЧЕСКАЯ;1;299.74;стенд3;15.09.2023;Основной поставщик
Nissens;67467;РАДИАТОР ОХЛАЖДЕНИЯ ДВИГАТЕЛЯ;1;8260.3;тамбур;09.08.2023;ФА Логистик
Hyundai / KIA;253181D100;СЛИВНАЯ ПРОБКА РАДИАТОРА ОХЛАЖДЕНИЯ;1;103.44;стенд 3;15.05.2023;АвтоРусь
Lecar;50111;СМАЗКА КОНСЕРВАЦИОННАЯ  2 КГ. ВЕДРО LECAR LEC;1;231;;13.11.2023;
General Motors;96550382;СТЕКЛО ЩИТКА ПРИБОРОВ;1;1017;a1-13;12.05.2022;Автоспутник (новый)
Freccia;PI060001;Толкатель Клапана Грм;1;434.88;;21.07.2023;"ООО ""ФОРЕСТ"""
NK;909318;ТРОС СТОЯНОЧНОГО ТОРМОЗА;1;2645;;02.09.2022;Автоспутник (новый)
NK;909319;ТРОС. СТОЯНОЧНАЯ ТОРМОЗНАЯ СИСТЕМА;1;2632;;02.09.2022;Автоспутник (новый)
Mann;C332200;ФИЛЬТР ВОЗДУШНЫЙ;1;7407;;16.05.2023;"ООО ""Глобал Трейд"""
AIKO;AC108C;ФИЛЬТР САЛОНА LEXUS IS/LS/RX/GX, TOYOTA AURIS, CA;1;314;T3-11;24.07.2023;Автоспутник (новый)
Hyundai / KIA;3191138204;Фильтр Топливный;1;820;Г3-01;22.09.2022;ИП Когтева Ольга Викторовна
